<?xml version="1.0" encoding="UTF-8" standalone="no"?>
<installcomponents>
    <assemblyProperties displayName="TIBCO Rendezvous 64bit Runtime"/>
    <wizardAction class="com.tibco.installer.wizard.action.TIBCORunExternalClassWizardAction" sequence="pre-selection">
        <condition class="com.tibco.installer.wizard.condition.TIBCOCheckPlatformWizardCondition">
            <property mustBeMet="true"/>
            <property platform="windows"/>
        </condition>
        <property jarFile="rv_64bit_runtime.jar"/>
        <property classname="com.tibco.installer.product.rv_64bit_runtime.TIBCORVWindows64bitCheckPanelWizardAction"/>
    </wizardAction>
    <installcomponent buildType="formal" currenttimestamp="02-06-2016-11-05-AM" prefix="product_tibco" sizeinbytes="23002165" uid="rv_64bit_runtime" version="8.4.5.001">
        <file loc="lib/libtibrv64.so" md5sum="23958aa22e1f0608cef5f6cdeee306d5" perm="555" sizeinbytes="2033160" timestamp="1454781205000"/>
        <file loc="lib/libtibrvnativesd64.so" md5sum="ca4e85883d9e165093adcdbee3df36b0" perm="555" sizeinbytes="885528" timestamp="1454781733000"/>
        <file loc="lib/libtibrvj64.so" md5sum="5127bdf14492c73bda9f12e3eb2b9acc" perm="555" sizeinbytes="320736" timestamp="1454781716000"/>
        <file loc="lib/libtibrvcmq64.so" md5sum="b92c7bb5254bd36dcd0443201fd6fd48" perm="555" sizeinbytes="224952" timestamp="1454781242000"/>
        <file loc="lib/libtibrvsd64.so" md5sum="59728dcbfe3cca8adb089ff784ba2dc1" perm="555" sizeinbytes="174192" timestamp="1454781259000"/>
        <file loc="lib/libtibrvnative64.so" md5sum="bf4a7ecc82af309797bbeee2be567d63" perm="555" sizeinbytes="855704" timestamp="1454781733000"/>
        <file loc="lib/64/libssl.so.1.0.0" md5sum="09caa92068f8e2d4c8040c34248a3ffc" perm="555" sizeinbytes="542913" timestamp="1454427830000"/>
        <file loc="lib/64/libz.so" md5sum="314c7d6929f366d2df4cf00ba34abe72" perm="555" sizeinbytes="98089" timestamp="1451951251000"/>
        <file loc="lib/64/libcrypto.so.1.0.0" md5sum="40dbe57c849dd64afd4831bc9aab74ca" perm="555" sizeinbytes="3072947" timestamp="1454427796000"/>
        <file loc="lib/libtibrvcm64.so" md5sum="551efe378521f90d800a9f1ceafd37cc" perm="555" sizeinbytes="413224" timestamp="1454781240000"/>
        <file loc="lib/libtibrvjsd64.so" md5sum="a7b0b8060a91b2b25a16f11ca9de90cb" perm="555" sizeinbytes="342048" timestamp="1454781716000"/>
        <file loc="lib/libtibrvft64.so" md5sum="7158d6d017eba431b8d2124b1cac59b4" perm="555" sizeinbytes="112944" timestamp="1454781211000"/>
        <file loc="bin/trdprvsd64" md5sum="abff82abf884f2d457bbc3318de92758" perm="555" sizeinbytes="1463568" timestamp="1454781944000"/>
        <file loc="bin/trdprvrd64" md5sum="b341051ee35689fdb5bd372be715a93d" perm="555" sizeinbytes="1676240" timestamp="1454781944000"/>
        <file loc="bin/rvda64" md5sum="b0a99b1d7b6ed04bfc474497ebf875f5" perm="555" sizeinbytes="747600" timestamp="1454781944000"/>
        <file loc="bin/trdprvd64" md5sum="b3abbcdeb1d960f653773d2ff52e08f5" perm="555" sizeinbytes="706216" timestamp="1454781944000"/>
        <file loc="bin/pgmrvrd64" md5sum="8b6932d8e496c90b46879b65d7f2f9e9" perm="555" sizeinbytes="1643440" timestamp="1454781944000"/>
        <file loc="bin/trdprvsrd64" md5sum="a73062ccd3a232a07ad61828a1e4d79f" perm="555" sizeinbytes="1763344" timestamp="1454781945000"/>
        <file loc="bin/rvperfm64" md5sum="50d3b03f6a3bb2b56a94e2a8c213c202" perm="555" sizeinbytes="490024" timestamp="1454781946000"/>
        <file loc="bin/pgmrvsd64" md5sum="246903897d40bf563be4c7810d98658f" perm="555" sizeinbytes="1431248" timestamp="1454781945000"/>
        <file loc="bin/pgmrvsrd64" md5sum="d074cf1e0c518f32d5613e46c6c55b43" perm="555" sizeinbytes="1730992" timestamp="1454781945000"/>
        <file loc="bin/rvcache64" md5sum="60536934df4c4a6cd83e1b354347cca2" perm="555" sizeinbytes="1100048" timestamp="1454781945000"/>
        <file loc="bin/rvperfs64" md5sum="b901b1e27134b49d97fc3551e6f183d5" perm="555" sizeinbytes="482760" timestamp="1454781946000"/>
        <file loc="bin/pgmrvd64" md5sum="ed5d6416d841e53a8d71f6a864c4fe82" perm="555" sizeinbytes="673864" timestamp="1454781944000"/>
    </installcomponent>
    <directorylist>
        <dir loc="lib" perm="664" sizeinbytes="9084629"/>
        <dir loc="lib/64" perm="664" sizeinbytes="3718045"/>
        <dir loc="bin" perm="664" sizeinbytes="13913440"/>
    </directorylist>
</installcomponents>
