<?xml version="1.0" encoding="UTF-8" standalone="no"?>
<installcomponents>
    <assemblyProperties displayName="TIBCO Rendezvous 64bit Development"/>
    <installcomponent buildType="formal" currenttimestamp="02-06-2016-11-02-AM" prefix="product_tibco" sizeinbytes="12246738" uid="rv_64bit_development" version="8.4.5.001">
        <file loc="lib/libtibrvcmq64.a" md5sum="3a7f29f93e8ed5b2d51b8b1cd1fcaf82" perm="444" sizeinbytes="436790" timestamp="1454781227000"/>
        <file loc="lib/libtibrv64.a" md5sum="5e4d71e7666d09100e427a845089dc9d" perm="444" sizeinbytes="3924158" timestamp="1454781137000"/>
        <file loc="lib/libtibrvcm64.a" md5sum="6eb0c64230df5de811aaa773d395b4cd" perm="444" sizeinbytes="775216" timestamp="1454781224000"/>
        <file loc="lib/64/libcrypto.a" md5sum="2c1655371a9451f29b9786e0fcea24d1" perm="555" sizeinbytes="5004672" timestamp="1454427796000"/>
        <file loc="lib/64/libz.a" md5sum="9afe8c8463ee7d0659ac0aee96241d1f" perm="555" sizeinbytes="129302" timestamp="1451951270000"/>
        <file loc="lib/64/libssl.a" md5sum="66076acc6b5ea5b0be3b6f6a225007f6" perm="555" sizeinbytes="821922" timestamp="1454427787000"/>
        <file loc="lib/libtibrvcpp64.a" md5sum="ab8eedec1acad1f9fe60b0def6bc14aa" perm="444" sizeinbytes="606840" timestamp="1454781268000"/>
        <file loc="lib/libtibrvsd64.a" md5sum="a40c98d6fee558ad04b9d7997ef8455d" perm="444" sizeinbytes="349454" timestamp="1454781255000"/>
        <file loc="lib/libtibrvft64.a" md5sum="dea28a6efbe02953f6484b334616fcc5" perm="444" sizeinbytes="186096" timestamp="1454781208000"/>
    </installcomponent>
    <directorylist>
        <dir loc="lib" perm="664" sizeinbytes="12242642"/>
        <dir loc="lib/64" perm="664" sizeinbytes="5959992"/>
    </directorylist>
</installcomponents>
