<?xml version="1.0"?>
<!DOCTYPE Configure PUBLIC "-//Mort Bay Consulting//DTD Configure//EN" "http://jetty.mortbay.org/configure.dtd">
<!-- =============================================================== -->
<!-- Configure the Jetty Server                                      -->
<!--                                                                 -->
<!-- Documentation of this file format can be found at:              -->
<!-- http://docs.codehaus.org/display/JETTY/jetty.xml                -->
<!--                                                                 -->
<!-- =============================================================== -->


<Configure id="Server" class="org.mortbay.jetty.Server">

    <!-- =========================================================== -->
    <!-- Server Thread Pool                                          -->
    <!-- =========================================================== -->

    <Set name="ThreadPool">
        <New class="org.mortbay.thread.BoundedThreadPool">
            <Set name="minThreads">10</Set>
            <Set name="maxThreads">250</Set>
        </New>
    </Set>

    <!-- =========================================================== -->
    <!-- Set connectors                                              -->
    <!-- =========================================================== -->

    <Call name="addConnector">
        <Arg>
            <New class="org.mortbay.jetty.nio.SelectChannelConnector">
                <Set name="port">
                    <SystemProperty name="jetty.port" default="8080"/>
                </Set>
                <Set name="maxIdleTime">30000</Set>
                <Set name="Acceptors">1</Set>
                <Set name="statsOn">false</Set>
                <Set name="confidentialPort">8443</Set>
                <Set name="lowResourcesConnections">1000</Set>
                <Set name="lowResourcesMaxIdleTime">500</Set>
            </New>
        </Arg>
    </Call>

    <!-- =========================================================== -->
    <!-- Set handler Collection Structure                            -->
    <!-- =========================================================== -->

    <Set name="handler">
        <New id="Handlers" class="org.mortbay.jetty.handler.HandlerCollection">
            <Set name="handlers">
                <Array type="org.mortbay.jetty.Handler">
                    <Item>
                        <New id="Contexts" class="org.mortbay.jetty.handler.ContextHandlerCollection"/>
                    </Item>
                    <Item>
                        <New id="DefaultHandler" class="org.mortbay.jetty.handler.DefaultHandler"/>
                    </Item>
                    <Item>
                        <New id="RequestLog" class="org.mortbay.jetty.handler.RequestLogHandler"/>
                    </Item>
                </Array>
            </Set>
        </New>
    </Set>

    <!-- =========================================================== -->
    <!-- Configure the context deployer                              -->
    <!-- A context deployer will deploy contexts described in        -->
    <!-- configuration files discovered in a directory.              -->
    <!-- The configuration directory can be scanned for hot          -->
    <!-- deployments at the configured scanInterval.                 -->
    <!--                                                             -->
    <!-- This deployer is configured to deploy contexts configured   -->
    <!-- in the $JETTY_HOME/contexts directory                       -->
    <!--                                                             -->
    <!-- =========================================================== -->

    <Call name="addLifeCycle">
        <Arg>
            <New class="org.mortbay.jetty.deployer.ContextDeployer">
                <Set name="contexts">
                    <Ref id="Contexts"/>
                </Set>
                <Set name="configurationDir">
                    <SystemProperty name="jetty.home" default="."/>/contexts</Set>
                <Set name="scanInterval">1</Set>
            </New>
        </Arg>
    </Call>

    <!-- =========================================================== -->
    <!-- Configure the webapp deployer.                              -->
    <!-- A webapp  deployer will deploy standard webapps discovered  -->
    <!-- in a directory at startup, without the need for additional  -->
    <!-- configuration files.    It does not support hot deploy or   -->
    <!-- non standard contexts (see ContextDeployer above).          -->
    <!--                                                             -->
    <!-- This deployer is configured to deploy webapps from the      -->
    <!-- $JETTY_HOME/webapps directory                               -->
    <!--                                                             -->
    <!-- Normally only one type of deployer need be used.            -->
    <!--                                                             -->
    <!-- =========================================================== -->

    <Call name="addLifeCycle">
        <Arg>
            <New class="org.mortbay.jetty.deployer.WebAppDeployer">
                <Set name="contexts">
                    <Ref id="Contexts"/>
                </Set>
                <Set name="webAppDir"><SystemProperty name="jetty.home" default="."/>/webapps</Set>
                <Set name="parentLoaderPriority">false</Set>
                <Set name="extract">true</Set>
                <Set name="allowDuplicates">false</Set>
            </New>
        </Arg>
    </Call>

    <!-- =========================================================== -->
    <!-- Configure Authentication Realms                             -->
    <!-- Realms may be configured for the entire server here, or     -->
    <!-- they can be configured for a specific web app in a context  -->
    <!-- configuration (see $(jetty.home)/contexts/test.xml for an   -->
    <!-- example).                                                   -->
    <!-- =========================================================== -->

    <Set name="UserRealms">
        <Array type="org.mortbay.jetty.security.UserRealm">
        </Array>
    </Set>

    <!-- =========================================================== -->
    <!-- Configure Request Log                                       -->
    <!-- Request logs  may be configured for the entire server here, -->
    <!-- or they can be configured for a specific web app in a       -->
    <!-- contexts configuration (see $(jetty.home)/contexts/test.xml -->
    <!-- for an example).                                            -->
    <!-- =========================================================== -->

    <Ref id="RequestLog">
        <Set name="requestLog">
            <New id="RequestLogImpl" class="org.mortbay.jetty.NCSARequestLog">
                <Arg><SystemProperty name="jetty.logs" default="./logs"/>/yyyy_mm_dd.request.log</Arg>
                <Set name="retainDays">90</Set>
                <Set name="append">true</Set>
                <Set name="extended">false</Set>
                <Set name="LogTimeZone">GMT</Set>
            </New>
        </Set>
    </Ref>

    <!-- =========================================================== -->
    <!-- extra options                                               -->
    <!-- =========================================================== -->

    <Set name="sendServerVersion">true</Set>
    <Set name="stopAtShutdown">true</Set>

</Configure>

