<?xml version="1.0" encoding="UTF-8" standalone="no"?>
<installcomponents>
    <assemblyProperties displayName="TIBCO Rendezvous 32bit Runtime"/>
    <installcomponent buildType="formal" currenttimestamp="02-06-2016-11-00-AM" prefix="product_tibco" sizeinbytes="21172568" uid="rv_32bit_runtime" version="8.4.5.001">
        <file loc="lib/libtibrvnative.so" md5sum="63f3714ab62ec214194c9b38cdfadaa5" perm="555" sizeinbytes="623772" timestamp="1454781725000"/>
        <file loc="lib/libtibrvcm.so" md5sum="6b2431bba1f971c5650eaf121fa9737b" perm="555" sizeinbytes="326280" timestamp="1454781232000"/>
        <file loc="lib/libtibrv.so" md5sum="22ae24f79b3fe39afebedaf3719e9a9d" perm="555" sizeinbytes="1585928" timestamp="1454781172000"/>
        <file loc="lib/libtibrvft.so" md5sum="c9e3f70039a3a36d6f39dce1de7f59a2" perm="555" sizeinbytes="86728" timestamp="1454781210000"/>
        <file loc="lib/libssl.so.1.0.0" md5sum="4dc38b72624cfcc4533496d188d2758d" perm="555" sizeinbytes="495370" timestamp="1454427969000"/>
        <file loc="lib/libtibrvjsd.so" md5sum="6916e3d5c70a4ff7f9183ad39f58ff51" perm="555" sizeinbytes="271404" timestamp="1454781716000"/>
        <file loc="lib/libtibrvcmq.so" md5sum="e603ad1724144daf1772d77f0927802e" perm="555" sizeinbytes="181952" timestamp="1454781235000"/>
        <file loc="lib/libtibrvsd.so" md5sum="449523c78ce4c302242e7aa41962c704" perm="555" sizeinbytes="154500" timestamp="1454781257000"/>
        <file loc="lib/libz.so" md5sum="764457e2fd651ca801e471893d187a6b" perm="555" sizeinbytes="113046" timestamp="1451950783000"/>
        <file loc="lib/libcrypto.so.1.0.0" md5sum="d97cf0e9e910d1cf912076374a9f3634" perm="555" sizeinbytes="2124048" timestamp="1454427951000"/>
        <file loc="lib/libtibrvnativesd.so" md5sum="3c7185845f0ce8b549b68394db9cf70d" perm="555" sizeinbytes="646372" timestamp="1454781725000"/>
        <file loc="lib/libtibrvj.so" md5sum="4d5af76a40c1bbe01df925f5611fa6f8" perm="555" sizeinbytes="252692" timestamp="1454781712000"/>
        <file loc="bin/pgmrvrd" md5sum="e6af3464aedc3982aa380888bdb6a3aa" perm="555" sizeinbytes="1917932" timestamp="1454781944000"/>
        <file loc="bin/pgmrvsrd" md5sum="15fef56f391961c1d20d8e82c28e1f8f" perm="555" sizeinbytes="2028972" timestamp="1454781945000"/>
        <file loc="bin/trdprvd" md5sum="f1b4ccf2382250911552955b99da1361" perm="555" sizeinbytes="900828" timestamp="1454781943000"/>
        <file loc="bin/trdprvrd" md5sum="d1ed1992b420798490064852d3f83573" perm="555" sizeinbytes="1958924" timestamp="1454781944000"/>
        <file loc="bin/pgmrvd" md5sum="a4863f93e1a612f34a8c7f6fd8a9b4fd" perm="555" sizeinbytes="859836" timestamp="1454781944000"/>
        <file loc="bin/trdprvsrd" md5sum="3dbf837a4632a396a3853946d488e9cb" perm="555" sizeinbytes="2069932" timestamp="1454781944000"/>
        <file loc="bin/trdprvsd" md5sum="735fcd3418731ed332249dd13d776d6f" perm="555" sizeinbytes="1685004" timestamp="1454781944000"/>
        <file loc="bin/pgmrvsd" md5sum="2ac19291b5e8b4b2f0aa0130647d9fcf" perm="555" sizeinbytes="1644524" timestamp="1454781945000"/>
        <file loc="bin/rvcache" md5sum="a9fd958a603d69d4ee60aeeaf123aa2e" perm="555" sizeinbytes="1232236" timestamp="1454781945000"/>
    </installcomponent>
    <directorylist>
        <dir loc="lib" perm="664" sizeinbytes="6866188"/>
        <dir loc="bin" perm="664" sizeinbytes="14302284"/>
    </directorylist>
</installcomponents>
