<?xml version="1.0" encoding="UTF-8" standalone="no"?>
<installcomponents>
    <assemblyProperties displayName="TIBCO Rendezvous IPM 32bit Development"/>
    <installcomponent buildType="formal" currenttimestamp="02-06-2016-11-09-AM" prefix="product_tibco" sizeinbytes="3838370" uid="ipm_32bit_development" version="8.4.5.006">
        <file loc="lib/ipm/libtibrv.a" md5sum="5b51167ae42eb17f3a4adc339a878712" perm="444" sizeinbytes="3826082" timestamp="1454781297000"/>
    </installcomponent>
    <directorylist>
        <dir loc="lib" perm="664" sizeinbytes="3834274"/>
        <dir loc="lib/ipm" perm="664" sizeinbytes="3830178"/>
    </directorylist>
</installcomponents>
