<?xml version="1.0" encoding="UTF-8" standalone="no"?>
<installcomponents>
    <assemblyProperties displayName="TIBCO Rendezvous IPM 32bit Runtime"/>
    <installcomponent buildType="formal" currenttimestamp="02-06-2016-11-10-AM" prefix="product_tibco" sizeinbytes="5357468" uid="ipm_32bit_runtime" version="8.4.5.006">
        <file loc="lib/ipm/libtibrv.so" md5sum="3cb4bd5ceed5fb39e4ebc4e21a0d4669" perm="555" sizeinbytes="2533324" timestamp="1454781347000"/>
        <file loc="bin/rvperfm_ipm" md5sum="6887c22e59311d805454658b9dba179d" perm="555" sizeinbytes="937296" timestamp="1454781946000"/>
        <file loc="bin/rvperfs_ipm" md5sum="a321e1a73e28ef661b4eaf4b6d7e39c1" perm="555" sizeinbytes="933168" timestamp="1454781946000"/>
        <file loc="bin/rvlat_ipm" md5sum="d004c775921bdadb1a0030df34937ef6" perm="555" sizeinbytes="937296" timestamp="1454781946000"/>
    </installcomponent>
    <directorylist>
        <dir loc="lib" perm="664" sizeinbytes="2541516"/>
        <dir loc="lib/ipm" perm="664" sizeinbytes="2537420"/>
        <dir loc="bin" perm="664" sizeinbytes="2811856"/>
    </directorylist>
</installcomponents>
