<?xml version="1.0" encoding="UTF-8" standalone="no"?>
<installcomponents>
    <assemblyProperties displayName="TIBCO RVDM"/>
    <installcomponent buildType="formal" currenttimestamp="02-06-2016-11-09-AM" prefix="product_tibco" sizeinbytes="7599913" uid="rvdm" version="8.4.5.001">
        <file loc="RVDM/lib/servlet-api-2.5-6.1.3.jar" md5sum="9207fcd922dd05eec5d31864cc0574da" perm="444" sizeinbytes="131998" timestamp="1178282098000"/>
        <file loc="RVDM/lib/jsp-2.1/jsp-2.1.jar" md5sum="849e5c7730979ae3b2a563d93b309b4c" perm="444" sizeinbytes="637087" timestamp="1178282184000"/>
        <file loc="RVDM/lib/jsp-2.1/core-3.1.1.jar" md5sum="8672c6db44f6279a89ee1b3b4ac2ddee" perm="444" sizeinbytes="3566844" timestamp="1178267674000"/>
        <file loc="RVDM/lib/jsp-2.1/jsp-api-2.1.jar" md5sum="34accfb2050f37e5e6d4932df6f71288" perm="444" sizeinbytes="515250" timestamp="1178282182000"/>
        <file loc="RVDM/lib/jsp-2.1/ant-1.6.5.jar" md5sum="c5c499f1eef9367c657e89bb881c69aa" perm="444" sizeinbytes="1034049" timestamp="1178267674000"/>
        <file loc="RVDM/lib/jetty-util-6.1.3.jar" md5sum="e4c9038a9bc6323be57d5738d453e5f8" perm="444" sizeinbytes="128058" timestamp="1178282102000"/>
        <file loc="RVDM/lib/jetty-6.1.3.jar" md5sum="915da8d904fed7e86f7d237e014ee6d7" perm="444" sizeinbytes="472383" timestamp="1178282178000"/>
        <file loc="RVDM/webapps/root.war" md5sum="df3f47f93de916da01e0427b050518bf" perm="444" sizeinbytes="1068875" timestamp="1454781745000"/>
        <file loc="RVDM/RVDM.jar" md5sum="495760214f43ccd49567f3baa2fca4ac" perm="444" sizeinbytes="8125" timestamp="1454781744000"/>
        <file loc="RVDM/RVDM.options.example.xml" md5sum="544516e4aceeb62610bc83c89da3df5a" perm="444" sizeinbytes="1119" timestamp="1454780686000"/>
        <file loc="RVDM/RVDM.sh" md5sum="a0febaa593c458b7ee3748a74c2837d9" perm="555" sizeinbytes="890" timestamp="1454780689000"/>
        <file loc="RVDM/etc/jetty.xml" md5sum="317d513ecca71564433392ba7d6ea2a2" perm="444" sizeinbytes="7585" timestamp="1181152988000"/>
        <file loc="RVDM/README.txt" md5sum="3a17376b011d10fc7e042ea110f7c679" perm="444" sizeinbytes="671" timestamp="1454780686000"/>
        <file loc="RVDM/RVDM.bat" md5sum="b5ea6ae0b767c1f03ecdd35326119bb1" perm="444" sizeinbytes="2403" timestamp="1454780689000"/>
    </installcomponent>
    <directorylist>
        <dir loc="RVDM" perm="664" sizeinbytes="7595817"/>
        <dir loc="RVDM/lib" perm="664" sizeinbytes="6493861"/>
        <dir loc="RVDM/lib/jsp-2.1" perm="664" sizeinbytes="5757326"/>
        <dir loc="RVDM/webapps" perm="664" sizeinbytes="1072971"/>
        <dir loc="RVDM/etc" perm="664" sizeinbytes="11681"/>
    </directorylist>
</installcomponents>
