<?xml version="1.0" encoding="UTF-8" standalone="no"?>
<installcomponents>
    <assemblyProperties displayName="TIBCO Rendezvous Runtime"/>
    <wizardAction class="com.tibco.installer.wizard.action.TIBCOWindowsRegGetKeyValueWizardAction" sequence="post-selection">
        <property hive="HKEY_LOCAL_MACHINE"/>
        <property key="SYSTEM\CurrentControlSet\Control\Session Manager\Environment"/>
        <property valueName="Path"/>
        <property variableToSet="my.path"/>
    </wizardAction>
    <wizardAction class="com.tibco.installer.wizard.action.TIBCOWindowsRegGetKeyValueWizardAction" sequence="post-selection">
        <property hive="HKEY_LOCAL_MACHINE"/>
        <property key="SYSTEM\CurrentControlSet\Control\Session Manager\Environment"/>
        <property valueName="CLASSPATH"/>
        <property variableToSet="my.classpath"/>
    </wizardAction>
    <wizardAction class="com.tibco.installer.wizard.action.TIBCORunExternalClassWizardAction" sequence="post-selection">
        <condition class="com.tibco.installer.wizard.condition.TIBCOCheckPlatformWizardCondition">
            <property mustBeMet="true"/>
            <property platform="windows"/>
        </condition>
        <property jarFile="rv_runtime.jar"/>
        <property classname="com.tibco.installer.product.rv_runtime.TIBCOCheckRVPathLimitExceededWizardAction"/>
    </wizardAction>
    <wizardAction class="com.tibco.installer.wizard.action.TIBCORunExternalClassWizardAction" sequence="post-selection">
        <condition class="com.tibco.installer.wizard.condition.TIBCOCheckPlatformWizardCondition">
            <property mustBeMet="true"/>
            <property platform="windows"/>
        </condition>
        <property jarFile="rv_runtime.jar"/>
        <property classname="com.tibco.installer.product.rv_runtime.TIBCORVCheckLockedFilesWizardAction"/>
    </wizardAction>
    <wizardAction class="com.tibco.installer.wizard.action.TIBCORVDependencyFailureWizardAction" sequence="post-selection">
        <condition class="com.tibco.installer.wizard.condition.TIBCOCheckPlatformWizardCondition">
            <property mustBeMet="true"/>
            <property platform="windows"/>
        </condition>
        <condition class="com.tibco.installer.wizard.condition.TIBCOStringComparisonWizardCondition">
            <property mustBeMet="true"/>
            <property stringToEvaluate="${V_fileislocked}"/>
            <property stringToCompareAgainst="true"/>
            <property caseSensitive="true"/>
        </condition>
    </wizardAction>
    <wizardAction class="com.tibco.installer.wizard.action.TIBCORunExternalClassWizardAction" sequence="install">
        <condition class="com.tibco.installer.wizard.condition.TIBCOCheckPlatformWizardCondition">
            <property mustBeMet="true"/>
            <property platform="windows"/>
        </condition>
        <property jarFile="rv_runtime.jar"/>
        <property classname="com.tibco.installer.product.rv_runtime.TIBCORVSetCorrectPaths"/>
    </wizardAction>
    <wizardAction class="com.tibco.installer.wizard.action.TIBCOWindowsRegSetKeyValueWizardAction" sequence="install">
        <property hive="HKEY_LOCAL_MACHINE"/>
        <property key="SYSTEM\CurrentControlSet\Control\Session Manager\Environment"/>
        <property valueName="Path"/>
        <property value="${my.path}"/>
        <property type="REG_EXPAND_SZ"/>
    </wizardAction>
    <wizardAction class="com.tibco.installer.wizard.action.TIBCOWindowsRegSetKeyValueWizardAction" sequence="install">
        <property hive="HKEY_LOCAL_MACHINE"/>
        <property key="SYSTEM\CurrentControlSet\Control\Session Manager\Environment"/>
        <property valueName="CLASSPATH"/>
        <property value="${my.classpath}"/>
        <property type="REG_EXPAND_SZ"/>
    </wizardAction>
    <wizardAction class="com.tibco.installer.wizard.action.TIBCOExecuteProcessWizardAction" sequence="install">
        <condition class="com.tibco.installer.wizard.condition.TIBCOCheckPlatformWizardCondition">
            <property mustBeMet="true"/>
            <property platform="windows"/>
        </condition>
        <property command="net"/>
        <property arguments="stop, &quot;TIB/Rendezvous Communications Daemon&quot;"/>
        <property workingDir="c:/"/>
        <property waitForCompletion="true"/>
        <property showProgress="true"/>
        <property description="Stopping Service TIB/Rendezvous Communications Daemon..."/>
    </wizardAction>
    <wizardAction class="com.tibco.installer.wizard.action.TIBCOExecuteProcessWizardAction" sequence="post-install">
        <condition class="com.tibco.installer.wizard.condition.TIBCOCheckPlatformWizardCondition">
            <property mustBeMet="true"/>
            <property platform="windows"/>
        </condition>
        <property command="${tibco.home}/tools/PersistEnvVars.exe"/>
        <property workingDir="c:/"/>
        <property waitForCompletion="true"/>
        <property showProgress="true"/>
        <property description="Updating Environment Variables Path and Classpath..."/>
    </wizardAction>
    <wizardAction class="com.tibco.installer.wizard.action.TIBCOWindowsRegCreateKeyWizardAction" sequence="post-install">
        <condition class="com.tibco.installer.wizard.condition.TIBCOWindowsRegKeyExistsWizardCondition">
            <property mustBeMet="false"/>
            <property hive="HKEY_LOCAL_MACHINE"/>
            <property key="SOFTWARE\\MicroSoft\\Windows\\CurrentVersion\\App Paths\\rvd.exe"/>
        </condition>
        <property hive="HKEY_LOCAL_MACHINE"/>
        <property parent="SOFTWARE"/>
        <property key="Microsoft\\Windows\\CurrentVersion\\App Paths\\rvd.exe"/>
    </wizardAction>
    <wizardAction class="com.tibco.installer.wizard.action.TIBCOWindowsRegSetKeyValueWizardAction" sequence="post-install">
        <property hive="HKEY_LOCAL_MACHINE"/>
        <property key="SOFTWARE\\MicroSoft\\Windows\\CurrentVersion\\App Paths\\rvd.exe"/>
        <property valueName=""/>
        <property value="${rv.home}\bin\rvd.exe"/>
        <property type="REG_SZ"/>
    </wizardAction>
    <wizardAction class="com.tibco.installer.wizard.action.TIBCOWindowsRegSetKeyValueWizardAction" sequence="post-install">
        <property hive="HKEY_LOCAL_MACHINE"/>
        <property key="SOFTWARE\\MicroSoft\\Windows\\CurrentVersion\\App Paths\\rvd.exe"/>
        <property valueName="Path"/>
        <property value="${rv.home}\bin"/>
        <property type="REG_SZ"/>
    </wizardAction>
    <wizardAction class="com.tibco.installer.wizard.action.TIBCORunExternalClassWizardAction" sequence="post-install">
        <property jarFile="rv_runtime.jar"/>
        <property classname="com.tibco.installer.product.rv_runtime.TIBCORVCheckPGMFilesExistWizardAction"/>
    </wizardAction>
    <wizardAction class="com.tibco.installer.wizard.action.TIBCORVProtocolSelectionPanelWizardAction" sequence="post-install">
        <condition class="com.tibco.installer.wizard.condition.TIBCOStringComparisonWizardCondition">
            <property mustBeMet="true"/>
            <property stringToEvaluate="${pgmrvdExists}"/>
            <property stringToCompareAgainst="true"/>
            <property caseSensitive="true"/>
        </condition>
    </wizardAction>
    <wizardAction class="com.tibco.installer.wizard.action.TIBCORunExternalClassWizardAction" sequence="post-install">
        <property jarFile="rv_runtime.jar"/>
        <property classname="com.tibco.installer.product.rv_runtime.TIBCORVProtocolPostTasks"/>
    </wizardAction>
    <wizardAction class="com.tibco.installer.wizard.action.TIBCORVSetUIDWizardAction" sequence="post-install"/>
    <wizardAction class="com.tibco.installer.wizard.action.TIBCOExecuteProcessWizardAction" sequence="post-install">
        <condition class="com.tibco.installer.wizard.condition.TIBCOCheckPlatformWizardCondition">
            <property mustBeMet="true"/>
            <property platform="windows"/>
        </condition>
        <property command="${rv.home}/bin/rvntsreg.exe"/>
        <property arguments="/i, rvd, $E{SystemRoot}, &quot;${rv.home}/bin&quot;"/>
        <property workingDir="c:/"/>
        <property waitForCompletion="true"/>
        <property showProgress="true"/>
        <property description="Registering RVD Daemon..."/>
    </wizardAction>
    <wizardAction class="com.tibco.installer.wizard.action.TIBCORVUnixSummaryWizardAction" sequence="post-install"/>
    <wizardAction class="com.tibco.installer.wizard.action.TIBCOExecuteProcessWizardAction" sequence="pre-uninstall">
        <condition class="com.tibco.installer.wizard.condition.TIBCOCheckPlatformWizardCondition">
            <property mustBeMet="true"/>
            <property platform="windows"/>
        </condition>
        <property command="net"/>
        <property arguments="stop, &quot;TIB/Rendezvous Communications Daemon&quot;"/>
        <property workingDir="c:/"/>
        <property waitForCompletion="true"/>
        <property showProgress="true"/>
        <property description="Stopping Service TIB/Rendezvous Communications Daemon..."/>
    </wizardAction>
    <wizardAction class="com.tibco.installer.wizard.action.TIBCOWindowsRegGetKeyValueWizardAction" sequence="uninstall">
        <property hive="HKEY_LOCAL_MACHINE"/>
        <property key="SYSTEM\CurrentControlSet\Control\Session Manager\Environment"/>
        <property valueName="Path"/>
        <property variableToSet="my.path"/>
    </wizardAction>
    <wizardAction class="com.tibco.installer.wizard.action.TIBCOWindowsRegGetKeyValueWizardAction" sequence="uninstall">
        <property hive="HKEY_LOCAL_MACHINE"/>
        <property key="SYSTEM\CurrentControlSet\Control\Session Manager\Environment"/>
        <property valueName="CLASSPATH"/>
        <property variableToSet="my.classpath"/>
    </wizardAction>
    <wizardAction class="com.tibco.installer.wizard.action.TIBCORunExternalClassWizardAction" sequence="uninstall">
        <condition class="com.tibco.installer.wizard.condition.TIBCOCheckPlatformWizardCondition">
            <property mustBeMet="true"/>
            <property platform="windows"/>
        </condition>
        <property jarFile="rv_runtime.jar"/>
        <property classname="com.tibco.installer.product.rv_runtime.TIBCORVUpdatePaths"/>
    </wizardAction>
    <wizardAction class="com.tibco.installer.wizard.action.TIBCOWindowsRegSetKeyValueWizardAction" sequence="uninstall">
        <property hive="HKEY_LOCAL_MACHINE"/>
        <property key="SYSTEM\CurrentControlSet\Control\Session Manager\Environment"/>
        <property valueName="Path"/>
        <property value="${my.path}"/>
        <property type="REG_EXPAND_SZ"/>
    </wizardAction>
    <wizardAction class="com.tibco.installer.wizard.action.TIBCOWindowsRegSetKeyValueWizardAction" sequence="uninstall">
        <property hive="HKEY_LOCAL_MACHINE"/>
        <property key="SYSTEM\CurrentControlSet\Control\Session Manager\Environment"/>
        <property valueName="CLASSPATH"/>
        <property value="${my.classpath}"/>
        <property type="REG_EXPAND_SZ"/>
    </wizardAction>
    <wizardAction class="com.tibco.installer.wizard.action.TIBCOWindowsRegDeleteKeyWizardAction" sequence="uninstall">
        <property hive="HKEY_LOCAL_MACHINE"/>
        <property parent="SOFTWARE"/>
        <property key="MicroSoft\\Windows\\CurrentVersion\\App Paths\\rvd.exe"/>
    </wizardAction>
    <wizardAction class="com.tibco.installer.wizard.action.TIBCOExecuteProcessWizardAction" sequence="uninstall">
        <condition class="com.tibco.installer.wizard.condition.TIBCOCheckPlatformWizardCondition">
            <property mustBeMet="true"/>
            <property platform="windows"/>
        </condition>
        <property command="${tibco.home}/tools/PersistEnvVars.exe"/>
        <property workingDir="c:/"/>
        <property waitForCompletion="true"/>
        <property showProgress="true"/>
        <property description="Updating Environment Variables Path and Classpath..."/>
    </wizardAction>
    <installcomponent buildType="formal" currenttimestamp="02-06-2016-10-55-AM" prefix="product_tibco" sizeinbytes="5413492" uid="rv_runtime" version="8.4.5.001">
        <file loc="mibs/TIBCO-MIB.txt" md5sum="c2def33006473bcfb32d15a517d32495" perm="444" sizeinbytes="1882" timestamp="1454781778000"/>
        <file loc="mibs/TIBCO-RVTRACE-MIB.txt" md5sum="8fbb54f60ef4ac6ab8d9a44092fee217" perm="444" sizeinbytes="19645" timestamp="1454781778000"/>
        <file loc="lib/rvconfig.jar" md5sum="5665f4c807960fa027d376ffecb98c4c" perm="444" sizeinbytes="184436" timestamp="1454781738000"/>
        <file loc="lib/tibrvjsd.jar" md5sum="ab804364dfa8dddec0cc058adb16a139" perm="444" sizeinbytes="142114" timestamp="1454781709000"/>
        <file loc="lib/tibrvnativesd.jar" md5sum="37c305a82abb16f4979983f8a30d78bd" perm="444" sizeinbytes="76935" timestamp="1454781717000"/>
        <file loc="lib/tibrvj.jar" md5sum="0613301e3c847379f4712a82b50e6375" perm="444" sizeinbytes="141076" timestamp="1454781706000"/>
        <file loc="lib/tibrvnative.jar" md5sum="623d80ecc99507c80387a2a4070db8a1" perm="444" sizeinbytes="75961" timestamp="1454781717000"/>
        <file loc="bin/tibrvlisten" md5sum="14367056f6eb9776cde0eb8c8f6cb354" perm="555" sizeinbytes="497684" timestamp="1454781946000"/>
        <file loc="bin/rvperfs" md5sum="54455cab68f2576aad47ef867dad852f" perm="555" sizeinbytes="624572" timestamp="1454781945000"/>
        <file loc="bin/tibrvsend" md5sum="10576801ebbec3fa1d06b9a1245565ed" perm="555" sizeinbytes="485396" timestamp="1454781946000"/>
        <file loc="bin/rvlat.jar" md5sum="1d003e0af24e60f105e3b1fbfa5fe460" perm="444" sizeinbytes="19511" timestamp="1454781734000"/>
        <file loc="bin/iniftst" md5sum="3936ba1a754d861fc882ef1c4e1ce1d5" perm="555" sizeinbytes="15104" timestamp="1454781943000"/>
        <file loc="bin/tibrvtkt.smp" md5sum="a35eabe349f863c6586d0b66c9bdcf3b" perm="444" sizeinbytes="617" timestamp="1454781271000"/>
        <file loc="bin/rvtrace" md5sum="b1defa2f4bb5574e31d4b765e92d1086" perm="555" sizeinbytes="1129084" timestamp="1454781946000"/>
        <file loc="bin/rvlat" md5sum="e00d890cf9fda95eb9ba8bec0822996a" perm="555" sizeinbytes="628700" timestamp="1454781946000"/>
        <file loc="bin/tibrvcfg" md5sum="28ed34059568fbace916f9924f43e558" perm="555" sizeinbytes="1759" timestamp="1454781738000"/>
        <file loc="bin/rvperfm" md5sum="7b6c1ffea56ce7549598b5433dc88508" perm="555" sizeinbytes="629564" timestamp="1454781946000"/>
        <file loc="bin/rvrad" md5sum="735318e11f69ee7fc78c3af8d3a7a8c7" perm="555" sizeinbytes="723068" timestamp="1454781946000"/>
    </installcomponent>
    <directorylist>
        <dir loc="mibs" perm="664" sizeinbytes="25623"/>
        <dir loc="lib" perm="664" sizeinbytes="624618"/>
        <dir loc="bin" perm="664" sizeinbytes="4759155"/>
    </directorylist>
</installcomponents>
