<?xml version="1.0" encoding="UTF-8" standalone="no"?>
<RVDM-options>

    <option name="name" value="Daemon Manager"/>

    <!-- Ensure unique control channels to avoid collisions between RVDM instances on a single channel. -->
    <option name="CC-service" value="7777"/>
    <option name="CC-network" value=";239.77.77.77"/>
    <option name="CC-daemon" value="7500"/>

    <option name="FT-enabled" value="false"/>
    <option name="FT-service" value="7777"/>
    <option name="FT-network" value=";239.77.77.77"/>
    <option name="FT-daemon" value="7500"/>
    <option name="FT-group" value="Daemon Manager"/>
    <option name="FT-weight" value="10"/>

    <!-- Specify where configuration data (RVDM.data.xml) will be stored. -->
    <option name="data-directory" value=""/>

    <!-- Modify credentials ONLY using the RVDM GUI. -->
    <option name="primary-username" value="user1"/>
    <option name="primary-password-digest" value="bvu5Yon9wZPg9eeIutk6ZA=="/>
    <option name="secondary-username" value="user2"/>
    <option name="secondary-password-digest" value="bvu5Yon9wZPg9eeIutk6ZA=="/>
</RVDM-options>
