<?xml version="1.0" encoding="UTF-8" standalone="no"?>
<installcomponents>
    <assemblyProperties displayName="TIBCO Rendezvous Development"/>
    <installcomponent buildType="formal" currenttimestamp="02-06-2016-11-08-AM" prefix="product_tibco" sizeinbytes="145414" uid="rv_development" version="8.4.5.001">
        <file loc="include/tibrv/tibrv.h" md5sum="af5d34aa4e8389ab69a2fd066fb4e35b" perm="444" sizeinbytes="1188" timestamp="1454781031000"/>
        <file loc="include/tibrv/ft.h" md5sum="fc5a85a097c37fdd68700e0eecb9ce97" perm="444" sizeinbytes="3970" timestamp="1454781032000"/>
        <file loc="include/tibrv/qgroup.h" md5sum="41f41c1eeb69c3693a2e736e07a31a36" perm="444" sizeinbytes="1423" timestamp="1454781031000"/>
        <file loc="include/tibrv/types.h" md5sum="cfeb0f303cd08573eb717cb8b500525f" perm="444" sizeinbytes="6698" timestamp="1454781031000"/>
        <file loc="include/tibrv/sdcpp.h" md5sum="0f4107a522533a5bbef6cadef5a7c845" perm="444" sizeinbytes="1513" timestamp="1454781033000"/>
        <file loc="include/tibrv/queue.h" md5sum="5671389ed404031ef1055006b2fadba4" perm="444" sizeinbytes="2899" timestamp="1454781031000"/>
        <file loc="include/tibrv/status.h" md5sum="dd1c4b8383096b55a8233c16f34403a5" perm="444" sizeinbytes="3193" timestamp="1454781031000"/>
        <file loc="include/tibrv/handler.h" md5sum="ce860314e729e71b88b57de78b609adf" perm="444" sizeinbytes="2640" timestamp="1454781031000"/>
        <file loc="include/tibrv/sd.h" md5sum="3ff14e56ee24c372acccc1b2b5b4af59" perm="444" sizeinbytes="1285" timestamp="1454781033000"/>
        <file loc="include/tibrv/ftcpp.h" md5sum="047ffc8ad9d463d131ed163e089ca6b2" perm="444" sizeinbytes="7344" timestamp="1454781033000"/>
        <file loc="include/tibrv/cmcpp.h" md5sum="ad355ee2711bec1b7d0f776fd44234ee" perm="444" sizeinbytes="11051" timestamp="1454781033000"/>
        <file loc="include/tibrv/msgx.h" md5sum="68d1f921fccb6dca02e96e8f7a5370f8" perm="444" sizeinbytes="18897" timestamp="1454781031000"/>
        <file loc="include/tibrv/tibrvcpp.h" md5sum="1a7bb8f4b2d3d3c4fdf837d968c892fb" perm="444" sizeinbytes="37243" timestamp="1454781033000"/>
        <file loc="include/tibrv/msg.h" md5sum="69ae5f4fb9df6cf7c2ce7ef69a728c0b" perm="444" sizeinbytes="15848" timestamp="1454781031000"/>
        <file loc="include/tibrv/events.h" md5sum="ada8f2be7e804cef0cb427dec77669d1" perm="444" sizeinbytes="3318" timestamp="1454781031000"/>
        <file loc="include/tibrv/tport.h" md5sum="f5fbbfb3b7d44b3714d8c12f89949c79" perm="444" sizeinbytes="3527" timestamp="1454781031000"/>
        <file loc="include/tibrv/disp.h" md5sum="4d1a969eaec39b97f3b36935ea936810" perm="444" sizeinbytes="1261" timestamp="1454781032000"/>
        <file loc="include/tibrv/cm.h" md5sum="ac1adc5888251b3ffd8c1dad671c0bca" perm="444" sizeinbytes="9828" timestamp="1454781033000"/>
    </installcomponent>
    <directorylist>
        <dir loc="include" perm="664" sizeinbytes="141318"/>
        <dir loc="include/tibrv" perm="664" sizeinbytes="137222"/>
    </directorylist>
</installcomponents>
