<?xml version="1.0" encoding="UTF-8" standalone="no"?>
<installcomponents>
    <assemblyProperties displayName="TIBCO Rendezvous IPM Common Source"/>
    <installcomponent buildType="formal" currenttimestamp="02-06-2016-11-13-AM" prefix="product_tibco" sizeinbytes="21294" uid="ipm_source_common" version="8.4.5.006">
        <file loc="src/examples/IPM/tibrvipm.cfg" md5sum="4ec33a80cd3e06ad128cb62f3a96ad81" perm="444" sizeinbytes="4910" timestamp="1454780497000"/>
    </installcomponent>
    <directorylist>
        <dir loc="src" perm="664" sizeinbytes="17198"/>
        <dir loc="src/examples" perm="664" sizeinbytes="13102"/>
        <dir loc="src/examples/IPM" perm="664" sizeinbytes="9006"/>
    </directorylist>
</installcomponents>
