<?xml version="1.0" encoding="UTF-8" standalone="no"?>
<installcomponents>
    <assemblyProperties displayName="TIBCO Rendezvous IPM 64bit Runtime"/>
    <installcomponent buildType="formal" currenttimestamp="02-06-2016-11-12-AM" prefix="product_tibco" sizeinbytes="5354040" uid="ipm_64bit_runtime" version="8.4.5.006">
        <file loc="lib/ipm/libtibrv64.so" md5sum="ca4c5dae83577acbc4146482e393fc50" perm="555" sizeinbytes="3175424" timestamp="1454781376000"/>
        <file loc="bin/rvlat64_ipm" md5sum="3f762d8bd55a9ae06dd422a1c75909b0" perm="555" sizeinbytes="720616" timestamp="1454781946000"/>
        <file loc="bin/rvperfm64_ipm" md5sum="2de6cf5286e6a0a178ea560b9cafc600" perm="555" sizeinbytes="723496" timestamp="1454781946000"/>
        <file loc="bin/rvperfs64_ipm" md5sum="77d3a489578f5c5fca30afb8b6b0efe7" perm="555" sizeinbytes="718120" timestamp="1454781946000"/>
    </installcomponent>
    <directorylist>
        <dir loc="lib" perm="664" sizeinbytes="3183616"/>
        <dir loc="lib/ipm" perm="664" sizeinbytes="3179520"/>
        <dir loc="bin" perm="664" sizeinbytes="2166328"/>
    </directorylist>
</installcomponents>
