<?xml version="1.0" encoding="UTF-8"?>
<project name="rv-post-install" default="post-install">
    <property environment="env" />
    <property name="bin.dir" value="${rv.home}/bin"/>

    <target name="addWinSuffix"  if="isWin">
        <property name="filesuffix" value=".exe"/>
    </target>

    <target name="addUnixSuffix"  if="isUnix">
        <property name="filesuffix" value=""/>
    </target>

    <condition property="isUnix">
        <os family="unix"/>
    </condition>

    <condition property="isWin">
        <not>
            <os family="unix"/>
        </not>
    </condition>

    <target name="set32bit">
        <property name="32bit" value="true"/>
        <property name="lib.dir" value="${rv.home}/lib"/>
    </target>

    <target name="set64bit">
        <property name="64bit" value="true"/>
        <property name="lib.dir" value="${rv.home}/lib/64"/>
    </target>

    <macrodef name="definesymlinks.tasks">
        <sequential>
            <!-- MAC OS -->
            <!-- all 32bit and 64bit -->
            <antcall target="link"> <param name="linkname" value="libcrypto.dylib"/> <param name="resourcename" value="libcrypto.1.0.0.dylib"/> </antcall>
            <antcall target="link"> <param name="linkname" value="libssl.dylib"/> <param name="resourcename" value="libssl.1.0.0.dylib"/> </antcall>
            <antcall target="link"> <param name="linkname" value="libz.1.dylib"/> <param name="resourcename" value="libz.dylib"/> </antcall>
            <!-- All UNIX but MAC -->
            <!-- all 32bit and 64bit -->
            <antcall target="link"> <param name="linkname" value="libcrypto.so"/> <param name="resourcename" value="libcrypto.so.1.0.0"/> </antcall>
            <antcall target="link"> <param name="linkname" value="libssl.so"/> <param name="resourcename" value="libssl.so.1.0.0"/> </antcall>
            <antcall target="link"> <param name="linkname" value="libz.so.1"/> <param name="resourcename" value="libz.so"/> </antcall>
        </sequential>
    </macrodef>

    <target name="link" depends="checksymlinkexists,deletesymlink" if="resourcename.present">
        <macrodef name="symlink.tasks">
            <attribute name="taskslinkname" />
            <attribute name="tasksresourcename" />
            <sequential>
                <echo> symlink ${lib.dir}/@{taskslinkname} @{tasksresourcename} </echo>
                <symlink link="${lib.dir}/@{taskslinkname}" resource="@{tasksresourcename}"/>
            </sequential>
        </macrodef>
        <symlink.tasks taskslinkname="${linkname}" tasksresourcename="${resourcename}"/>
    </target>

    <target name="checksymlinkexists">
        <echo> checking existence of ${lib.dir}/${resourcename} and ${lib.dir}/${linkname} </echo>
        <available file="${lib.dir}/${resourcename}" type="file" property="resourcename.present"/>
        <available file="${lib.dir}/${linkname}" type="file" property="linkname.present"/>
        <condition property="deleteSymlinkFlag">
            <and>
                <equals arg1="${resourcename.present}" arg2="true" />
                <equals arg1="${linkname.present}" arg2="true" />
            </and>
        </condition>
    </target>

    <target name="deletesymlink" if="deleteSymlinkFlag">
        <echo> deleting ${lib.dir}/${linkname} </echo>
        <symlink action="delete" link="${lib.dir}/${linkname}"/>
    </target>

    <target name="checkdaemonfileexists">
        <echo> checking existence of ${bin.dir}/${daemonfile}${filesuffix} </echo>
        <available file="${bin.dir}/${daemonfile}${filesuffix}" type="file" property="daemonfile.present"/>
    </target>

    <target name="deletedaemonfile" depends="checkdaemonfileexists" if="daemonfile.present">
        <echo> deleting ${bin.dir}/${daemonfile}${filesuffix} </echo>
        <delete file="${bin.dir}/${daemonfile}${filesuffix}" failonerror="false"/>
    </target>

    <!-- tasks to perform template copies and substitute variables -->
    <macrodef name="template.tasks">
        <attribute name="file" />
        <attribute name="dest" />
        <attribute name="ext" />
        <sequential>
            <copy file="@{dest}/@{file}.@{ext}_template" tofile="@{dest}/@{file}.@{ext}" overwrite="true" verbose="true" />
            <echo> Substituting variables for @{dest}/@{file}.@{ext} </echo>
            <replace file="@{dest}/@{file}.@{ext}">
                <replacefilter token="%TIBCO_HOME_ESC%" value="${tibco.home.esc}"/>
                <replacefilter token="%TIBCO_JAVA_VERSION%" value="${tibco.java.version}"/>
                <replacefilter token="%TIBCO_JAVA_HOME_ESC%" value="${tibco.java.home.esc}"/>
                <replacefilter token="%TIBCO_JVM_LIB_ESC%" value="${tibco.jvm.lib.esc}"/>
                <replacefilter token="%TIBCO_JVM_LIB_DIR_ESC%" value="${tibco.jvm.lib.dir.esc}"/>
                <replacefilter token="%TIBCO_JVM_LIB_SERVER_ESC%" value="${tibco.jvm.lib.server.esc}"/>
                <replacefilter token="%TIBCO_JVM_LIB_SERVER_DIR_ESC%" value="${tibco.jvm.lib.server.dir.esc}"/>
                <replacefilter token="%TIBCO_JVM_LIB_CLIENT_ESC%" value="${tibco.jvm.lib.client.esc}"/>
                <replacefilter token="%TIBCO_JVM_LIB_CLIENT_DIR_ESC%" value="${tibco.jvm.lib.client.dir.esc}"/>
                <replacefilter token="%TIBCO_COMPONENT_STORE%" value="${tibco.component.store}"/>
                <replacefilter token="%TIBCO_COMPONENT_STORE_PLUGINS%" value="${tibco.component.store.plugins}"/>
                <replacefilter token="%TIBCO_COMPONENT_STORE_NAME%" value="${component.store.name}"/>
                <replacefilter token="%TIBCO_COMPONENT_STORE_VERSION%%" value="${component.store.version}"/>
                <replacefilter token="%TIBCO_CONFIG_HOME_ESC%" value="${tibco.home.cfgmgmt.dir.esc}"/>
                <replacefilter token="%TIBCO_CONFIG_MGMT_HOME_ESC%" value="${tibco.home.cfgmgmt.dir.esc}"/>
                <replacefilter token="%TIBCO_HOME_CFGMGMT_DIR_ESC%" value="${tibco.home.cfgmgmt.dir.esc}" />
                <replacefilter token="%TIBCO_ENVIRONMENT_NAME%" value="${tibco.environment.name}"/>
                <replacefilter token="%PSP%" value="${psp}"/>
                <replacefilter token="%FSP%" value="${fsp}"/>
            </replace>
        </sequential>
    </macrodef>

    <target name="pre-assembly-ref-rv_runtime" if="isWin">
        <copy file="${rv.home}/bin/rvntsctl.exe" todir="${systemroot}" overwrite="true" verbose="true"/>
        <echo> Unregistering RVD daemon </echo>
        <exec executable="${rv.home}/bin/rvntsreg.exe">
            <arg value="/r"/>
        </exec>
        <echo> Completed Unregistering RVD daemon </echo>
    </target>

    <target name="pre-assembly-ref-rv_32bit_runtime" depends="set32bit" if="isUnix">
        <definesymlinks.tasks />
    </target>

    <target name="pre-assembly-ref-rv_64bit_runtime" depends="set64bit" if="isUnix">
        <definesymlinks.tasks />
    </target>

    <target name="win-pre-uninstall-ref-rv_runtime" if="isWin">
        <delete file="${systemroot}/rvntsctl.exe" failonerror="true"/>
        <echo> Unregistering RVD daemon </echo>
        <exec executable="${rv.home}/bin/rvntsreg.exe">
            <arg value="/r"/>
        </exec>
        <echo> Completed Unregistering RVD daemon </echo>
    </target>

    <target name="pre-uninstall-ref-rv_runtime" depends="win-pre-uninstall-ref-rv_runtime,addWinSuffix,addUnixSuffix">
            <antcall target="deletedaemonfile"> <param name="daemonfile" value="rvd"/></antcall>
            <antcall target="deletedaemonfile"> <param name="daemonfile" value="rvrd"/></antcall>
            <antcall target="deletedaemonfile"> <param name="daemonfile" value="rvsd"/></antcall>
            <antcall target="deletedaemonfile"> <param name="daemonfile" value="rvsrd"/></antcall>
            <!-- 64bit property passed in only  -->
            <antcall target="deletedaemonfile"> <param name="daemonfile" value="rvd64"/></antcall>
            <antcall target="deletedaemonfile"> <param name="daemonfile" value="rvrd64"/></antcall>
            <antcall target="deletedaemonfile"> <param name="daemonfile" value="rvsd64"/></antcall>
            <antcall target="deletedaemonfile"> <param name="daemonfile" value="rvsrd64"/></antcall>
    </target>

</project>
