<?xml version="1.0" encoding="UTF-8" standalone="no"?>
<installcomponents>
    <assemblyProperties displayName="TIBCO Rendezvous IPM 64bit Development"/>
    <installcomponent buildType="formal" currenttimestamp="02-06-2016-11-11-AM" prefix="product_tibco" sizeinbytes="6242604" uid="ipm_64bit_development" version="8.4.5.006">
        <file loc="lib/ipm/libtibrv64.a" md5sum="bdbe2c4c64f2a6b7eef13f2dd90b9bb1" perm="444" sizeinbytes="6230316" timestamp="1454781315000"/>
    </installcomponent>
    <directorylist>
        <dir loc="lib" perm="664" sizeinbytes="6238508"/>
        <dir loc="lib/ipm" perm="664" sizeinbytes="6234412"/>
    </directorylist>
</installcomponents>
