<?xml version="1.0" encoding="UTF-8" standalone="no"?>
<installcomponents>
    <assemblyProperties displayName="TIBCO Rendezvous Common Source"/>
    <installcomponent buildType="formal" currenttimestamp="02-06-2016-11-08-AM" prefix="product_tibco" sizeinbytes="808245" uid="rv_source_common" version="8.4.5.001">
        <file loc="src/perl/Tibrvcm/typemap" md5sum="2e308092e980da1406cc81806b1b38d7" perm="444" sizeinbytes="707" timestamp="1454780684000"/>
        <file loc="src/perl/Tibrvcm/Changes" md5sum="388f7db233da3dcf259c7058fb4960ee" perm="444" sizeinbytes="120" timestamp="1454780684000"/>
        <file loc="src/perl/Tibrvcm/Tibrvcm.pm" md5sum="76990c8abc441f9b9d9de4274691c822" perm="444" sizeinbytes="5945" timestamp="1454780683000"/>
        <file loc="src/perl/Tibrvcm/MANIFEST" md5sum="ddb614d63955e78b354a022d9b53ea44" perm="444" sizeinbytes="67" timestamp="1454780684000"/>
        <file loc="src/perl/Tibrvcm/Tibrvcm.xs" md5sum="1d053f7ebe9d2fb0409b34e2cb69a7f7" perm="444" sizeinbytes="16365" timestamp="1454780683000"/>
        <file loc="src/perl/Tibrvcm/Makefile.PL" md5sum="9572513a454f839b9c76dc2d8d63fbe7" perm="444" sizeinbytes="2098" timestamp="1454780683000"/>
        <file loc="src/perl/Tibrvcm/test.pl" md5sum="5240219184fabdffe557e56bbb9601c3" perm="444" sizeinbytes="5696" timestamp="1454780683000"/>
        <file loc="src/perl/README" md5sum="ed7e9565d1e2c0afe3d3bf93c2132995" perm="444" sizeinbytes="2693" timestamp="1454780684000"/>
        <file loc="src/perl/Tibrvft/typemap" md5sum="2ad677590288af80c913e1dea148fcd4" perm="444" sizeinbytes="507" timestamp="1454780684000"/>
        <file loc="src/perl/Tibrvft/Changes" md5sum="2b2d45406027cde942d4545915359924" perm="444" sizeinbytes="115" timestamp="1454780683000"/>
        <file loc="src/perl/Tibrvft/Tibrvft.xs" md5sum="c36de337849876a040dbc8be8d4de717" perm="444" sizeinbytes="8223" timestamp="1454780684000"/>
        <file loc="src/perl/Tibrvft/MANIFEST" md5sum="8723f4408244fb482388bfec3776c840" perm="444" sizeinbytes="67" timestamp="1454780683000"/>
        <file loc="src/perl/Tibrvft/Tibrvft.pm" md5sum="cb297ae457c33753842bae95347c82b4" perm="444" sizeinbytes="3348" timestamp="1454780683000"/>
        <file loc="src/perl/Tibrvft/Makefile.PL" md5sum="3bc541cc79bb35c5407ecfcee6d6c2b3" perm="444" sizeinbytes="1643" timestamp="1454780684000"/>
        <file loc="src/perl/Tibrvft/test.pl" md5sum="58eb8b2dda64259e1d5b5453d58ff31e" perm="444" sizeinbytes="4755" timestamp="1454780683000"/>
        <file loc="src/perl/Tibrv/typemap" md5sum="b7497b6576ebda421c4e2fd01a94b0e9" perm="444" sizeinbytes="1172" timestamp="1454780683000"/>
        <file loc="src/perl/Tibrv/Tibrv.xs" md5sum="4d494c9c4c7996476906e903860749fd" perm="444" sizeinbytes="42516" timestamp="1454780684000"/>
        <file loc="src/perl/Tibrv/Tibrv.pm" md5sum="4429c83e4934a93edf3a5439de68022f" perm="444" sizeinbytes="15767" timestamp="1454780684000"/>
        <file loc="src/perl/Tibrv/Changes" md5sum="d86949c63006dbbffd3a730419a3ee15" perm="444" sizeinbytes="118" timestamp="1454780683000"/>
        <file loc="src/perl/Tibrv/MANIFEST" md5sum="6c0e8d8b9eab06cf7f1164d25c13f0b4" perm="444" sizeinbytes="121" timestamp="1454780683000"/>
        <file loc="src/perl/Tibrv/Makefile.PL" md5sum="423210d245d123a76a2565b2424d7d65" perm="444" sizeinbytes="2333" timestamp="1454780683000"/>
        <file loc="src/perl/Tibrv/test.pl" md5sum="71ebdaa7b943e62db1b41beeb84cafb0" perm="444" sizeinbytes="12514" timestamp="1454780683000"/>
        <file loc="src/examples/perl/tibrvfttime.pl" md5sum="2c8c1ae4426da852d9ab29ad746679ab" perm="444" sizeinbytes="3580" timestamp="1454780497000"/>
        <file loc="src/examples/perl/tibrvsend.pl" md5sum="88dceec9838cc467a7ecb19bd9b812e0" perm="444" sizeinbytes="1863" timestamp="1454780497000"/>
        <file loc="src/examples/perl/tibrvftmon.pl" md5sum="4a964134db78db30af73c0da3fcee5df" perm="444" sizeinbytes="1377" timestamp="1454780496000"/>
        <file loc="src/examples/perl/priority.pl" md5sum="9d5769a72a9b339cb7d288ae00ce3c32" perm="444" sizeinbytes="2688" timestamp="1454780496000"/>
        <file loc="src/examples/perl/tibrvlisten.pl" md5sum="b6f0b988f770b6f327aa692786024060" perm="444" sizeinbytes="2263" timestamp="1454780497000"/>
        <file loc="src/examples/configapi/Example.java" md5sum="9ddf40c5f407b6169fdc34253dbce5f8" perm="444" sizeinbytes="7177" timestamp="1454780495000"/>
        <file loc="src/examples/cpp/Makefile.cplus" md5sum="f705056615de1b57da29bb887272b19d" perm="444" sizeinbytes="6772" timestamp="1454780497000"/>
        <file loc="src/examples/cpp/dispatcher.cpp" md5sum="f8036f2dfa364b0a9022dc46880a192d" perm="444" sizeinbytes="6306" timestamp="1454780496000"/>
        <file loc="src/examples/cpp/priority.cpp" md5sum="5a281fb2103c1095b90c087ee6fe718c" perm="444" sizeinbytes="3733" timestamp="1454780496000"/>
        <file loc="src/examples/cpp/README.cppexamples" md5sum="81fc192c47fcab994de56af1bb674944" perm="444" sizeinbytes="1721" timestamp="1454780497000"/>
        <file loc="src/examples/cpp/cmqmember.cpp" md5sum="c936147f012f1def08655dcc4f2532ad" perm="444" sizeinbytes="5739" timestamp="1454780497000"/>
        <file loc="src/examples/cpp/tibrvlisten.cpp" md5sum="224add34c3ce5dfec5833cf28e3f0ba9" perm="444" sizeinbytes="6380" timestamp="1454780497000"/>
        <file loc="src/examples/cpp/tibrvvectoredlisten.cpp" md5sum="1fab4caa3407a1e060784c2d99c63f2c" perm="444" sizeinbytes="6576" timestamp="1454780497000"/>
        <file loc="src/examples/cpp/tibrvsend.cpp" md5sum="9756f4e084881ace19bae2f087f584e7" perm="444" sizeinbytes="5580" timestamp="1454780497000"/>
        <file loc="src/examples/cpp/cmsender.cpp" md5sum="29e7581b50c2ddc0ef8a5579b65fcdb9" perm="444" sizeinbytes="8295" timestamp="1454780496000"/>
        <file loc="src/examples/cpp/cmlistener.cpp" md5sum="6bd2065627549c117a03e157fd4628b5" perm="444" sizeinbytes="6079" timestamp="1454780496000"/>
        <file loc="src/examples/cpp/usertypes.cpp" md5sum="72e9a2147730446f014022d2e8fa21cd" perm="444" sizeinbytes="19284" timestamp="1454780497000"/>
        <file loc="src/examples/c/usertypes.c" md5sum="4e326b0be701ca35e67bed70762669d5" perm="444" sizeinbytes="5675" timestamp="1454780496000"/>
        <file loc="src/examples/c/tibrvmultisend.c" md5sum="ed40fd5ab23b77bf6cab10f9f7f00280" perm="444" sizeinbytes="15332" timestamp="1454780496000"/>
        <file loc="src/examples/c/tibrvserver.c" md5sum="c69e76612def1be5bbc8a84865e9523c" perm="444" sizeinbytes="17459" timestamp="1454780495000"/>
        <file loc="src/examples/c/tibrvcmlisten.c" md5sum="eafb76c0a33660afa3a56f475082c45a" perm="444" sizeinbytes="9623" timestamp="1454780496000"/>
        <file loc="src/examples/c/tibrvvcserver.c" md5sum="fc1083fa56ec4266d8a6a25a181598f0" perm="444" sizeinbytes="29602" timestamp="1454780497000"/>
        <file loc="src/examples/c/tibrvsend.c" md5sum="07295182dd34c9c39cae5435f3d87f04" perm="444" sizeinbytes="7594" timestamp="1454780496000"/>
        <file loc="src/examples/c/tibrvcmsend.c" md5sum="e51974352d99d541330f1183b87c11ce" perm="444" sizeinbytes="9411" timestamp="1454780495000"/>
        <file loc="src/examples/c/tibrvftmon.c" md5sum="071a899bda3c6fbbf4e14ee1c2e01191" perm="444" sizeinbytes="4663" timestamp="1454780496000"/>
        <file loc="src/examples/c/dispatcher.c" md5sum="1c911a5537aa84fb31e89ffc94f70e3f" perm="444" sizeinbytes="6813" timestamp="1454780497000"/>
        <file loc="src/examples/c/tibrvlisten.c" md5sum="73a5f53a23a1ffe16f76a8fa84ea1e10" perm="444" sizeinbytes="8119" timestamp="1454780497000"/>
        <file loc="src/examples/c/tibrvreviewldgr.c" md5sum="55d59758c54d43eede74e79f86647836" perm="444" sizeinbytes="13106" timestamp="1454780496000"/>
        <file loc="src/examples/c/tibrvdqlisten.c" md5sum="81cd058a14897b79177a62f213683259" perm="444" sizeinbytes="9790" timestamp="1454780497000"/>
        <file loc="src/examples/c/tibrvvectorlistentester.c" md5sum="22aa35520bc02a7d114e50b406620a45" perm="444" sizeinbytes="7056" timestamp="1454780496000"/>
        <file loc="src/examples/c/tibrvvcclient.c" md5sum="d85edcbbe25642e1b18dcf44892bd493" perm="444" sizeinbytes="28110" timestamp="1454780497000"/>
        <file loc="src/examples/c/README.cexamples" md5sum="7abb48059c5fb9f84d9d32b76adeb997" perm="444" sizeinbytes="3830" timestamp="1454780496000"/>
        <file loc="src/examples/c/Makefile.example" md5sum="a90dfcf076ba3d7e7ec87558b731309a" perm="444" sizeinbytes="6815" timestamp="1454780495000"/>
        <file loc="src/examples/c/priority.c" md5sum="ddc7e022045694ca3f75be119b2102e9" perm="444" sizeinbytes="4165" timestamp="1454780497000"/>
        <file loc="src/examples/c/tibrvclient.c" md5sum="f7af08a93b20af43f634e355ebe0fa93" perm="444" sizeinbytes="24496" timestamp="1454780497000"/>
        <file loc="src/examples/c/tibrvinitval.c" md5sum="c3880564b2cacc419337a9469b400027" perm="444" sizeinbytes="11307" timestamp="1454780496000"/>
        <file loc="src/examples/c/tibrvvectorlisten.c" md5sum="dda722088edb7dc50f32c041ea030d7f" perm="444" sizeinbytes="11462" timestamp="1454780496000"/>
        <file loc="src/examples/c/tibrvfttime.c" md5sum="da7d1c328d2058cee9d9b2fe983e2073" perm="444" sizeinbytes="12877" timestamp="1454780497000"/>
        <file loc="src/examples/java/priority.java" md5sum="497aa49cccdae221bcd5ea2fa9208d45" perm="444" sizeinbytes="3597" timestamp="1454780496000"/>
        <file loc="src/examples/java/tibrvclient.java" md5sum="c8b7cb71050822837820d5ad41748625" perm="444" sizeinbytes="15825" timestamp="1454780496000"/>
        <file loc="src/examples/java/sendobject.java" md5sum="293777ac13aa1adfa42114f892f2b8db" perm="444" sizeinbytes="9811" timestamp="1454780495000"/>
        <file loc="src/examples/java/README.javaexamples" md5sum="9bf7a4146c39947d3673ce33f2837d8c" perm="444" sizeinbytes="3845" timestamp="1454780494000"/>
        <file loc="src/examples/java/UnicodeSend.java" md5sum="baa93297918605f7b3eb4295e5a410cd" perm="444" sizeinbytes="9947" timestamp="1454780494000"/>
        <file loc="src/examples/java/cmlistener.java" md5sum="e0e37503fac769111dccaac960d25d3f" perm="444" sizeinbytes="7819" timestamp="1454780495000"/>
        <file loc="src/examples/java/TibrvVectorListenerTester.java" md5sum="150a7745be1e5b3032d0b18ed06897a2" perm="444" sizeinbytes="7509" timestamp="1454780495000"/>
        <file loc="src/examples/java/tibrvserver.java" md5sum="d7de247c620835cdd48369b99d3a01d3" perm="444" sizeinbytes="10578" timestamp="1454780495000"/>
        <file loc="src/examples/java/usertypes.java" md5sum="65daf503566fc4c708438c59a3442c06" perm="444" sizeinbytes="5510" timestamp="1454780494000"/>
        <file loc="src/examples/java/tibrvmultisend.java" md5sum="6214a2f927fd91368d712c7d1c89addd" perm="444" sizeinbytes="18958" timestamp="1454780496000"/>
        <file loc="src/examples/java/TibrvVectoredListen.java" md5sum="662f6878039990707fa789655f017b91" perm="444" sizeinbytes="8652" timestamp="1454780495000"/>
        <file loc="src/examples/java/VectoredDispatcher.java" md5sum="3d68b211449767637a32bfdddef8750d" perm="444" sizeinbytes="4648" timestamp="1454780495000"/>
        <file loc="src/examples/java/AuthenticationFilter.java" md5sum="a045f3413a67f04f67502b0d9df4250d" perm="444" sizeinbytes="6979" timestamp="1454780495000"/>
        <file loc="src/examples/java/dispatcher.java" md5sum="6aa849ddb08981013df71b268e216c53" perm="444" sizeinbytes="4952" timestamp="1454780495000"/>
        <file loc="src/examples/java/tibrvsend.java" md5sum="5de846ec63237b7d0b60dc9cc3537a17" perm="444" sizeinbytes="6739" timestamp="1454780495000"/>
        <file loc="src/examples/java/tibrvfttime.java" md5sum="ae544f819bc0ac9b52ae13a4403dd725" perm="444" sizeinbytes="11209" timestamp="1454780495000"/>
        <file loc="src/examples/java/cmsender.java" md5sum="4a70e65c8d1cfad591aace24535e5242" perm="444" sizeinbytes="9942" timestamp="1454780495000"/>
        <file loc="src/examples/java/UnicodeListen.java" md5sum="cc5d37ac238c0858200102cbbb32926a" perm="444" sizeinbytes="9841" timestamp="1454780495000"/>
        <file loc="src/examples/java/tibrvlisten.java" md5sum="d0d70532167590cae47c012158aac3fa" perm="444" sizeinbytes="6962" timestamp="1454780495000"/>
        <file loc="src/examples/java/cmqmember.java" md5sum="1c571fed0e9cbde4f2833501e7dca7d0" perm="444" sizeinbytes="6852" timestamp="1454780495000"/>
        <file loc="src/examples/java/tibrvftmon.java" md5sum="edfb644baf3f91e1e5ceef802664ec66" perm="444" sizeinbytes="4653" timestamp="1454780496000"/>
        <file loc="src/examples/java/Base64.java" md5sum="cc93de1fde76c51d752ded63c0232116" perm="444" sizeinbytes="4472" timestamp="1454780495000"/>
        <file loc="src/examples/utilities/rvd" md5sum="13f235bea3117a21bded347b91a925b9" perm="555" sizeinbytes="931" timestamp="1454780492000"/>
        <file loc="src/examples/rvadapter/tibrvadapter.json" md5sum="ea97779ee871bb65cfb235b33001d928" perm="444" sizeinbytes="868" timestamp="1454780492000"/>
        <file loc="src/examples/rvadapter/tibrvadapter_schema.json" md5sum="63e797268179ff6e2a8d7ae78927ed42" perm="444" sizeinbytes="3084" timestamp="1454780492000"/>
        <file loc="src/librvcpp/msg.cpp" md5sum="f589822c8a0d22477bb4671668cf9a7f" perm="444" sizeinbytes="29999" timestamp="1454780663000"/>
        <file loc="src/librvcpp/queue.cpp" md5sum="b3f3b02a4be821bd4db042e1dc29d8c4" perm="444" sizeinbytes="3666" timestamp="1454780663000"/>
        <file loc="src/librvcpp/disp.cpp" md5sum="edc18f7fe6e3ceb12d125bcabeda46f2" perm="444" sizeinbytes="1885" timestamp="1454780664000"/>
        <file loc="src/librvcpp/testcpp.cpp" md5sum="124c8a90476bda3d9153de5e72fbcb22" perm="444" sizeinbytes="4524" timestamp="1454780664000"/>
        <file loc="src/librvcpp/tibrv.cpp" md5sum="e58145cbac7b8effe5018ba3b5950977" perm="444" sizeinbytes="766" timestamp="1454780664000"/>
        <file loc="src/librvcpp/tport.cpp" md5sum="230c794249f182bf1d8a27bcdc51189e" perm="444" sizeinbytes="6701" timestamp="1454780664000"/>
        <file loc="src/librvcpp/ft.cpp" md5sum="1859281e288c0e99056b0fe3577c689b" perm="444" sizeinbytes="7515" timestamp="1454780663000"/>
        <file loc="src/librvcpp/sd.cpp" md5sum="5bc5e873200791827d1c2925c4f03926" perm="444" sizeinbytes="1483" timestamp="1454780663000"/>
        <file loc="src/librvcpp/cmq.cpp" md5sum="34dc67df4c4d9b7d14a7359518bcf459" perm="444" sizeinbytes="5069" timestamp="1454780663000"/>
        <file loc="src/librvcpp/event.cpp" md5sum="6f054fafe20e00e2cea227af90407b0b" perm="444" sizeinbytes="12728" timestamp="1454780664000"/>
        <file loc="src/librvcpp/qgroup.cpp" md5sum="df5fc937453cdfa4ba13c3c2e03fb25c" perm="444" sizeinbytes="1957" timestamp="1454780664000"/>
        <file loc="src/librvcpp/cm.cpp" md5sum="c7a51c2f15f2f91eaf3a1f5bcd16547a" perm="444" sizeinbytes="13273" timestamp="1454780664000"/>
        <file loc="src/librvcpp/Makefile" md5sum="364bee9b32f4e5d95830439b6740d593" perm="444" sizeinbytes="3448" timestamp="1454780663000"/>
    </installcomponent>
    <directorylist>
        <dir loc="src" perm="664" sizeinbytes="804149"/>
        <dir loc="src/perl" perm="664" sizeinbytes="143274"/>
        <dir loc="src/perl/Tibrvcm" perm="664" sizeinbytes="35094"/>
        <dir loc="src/perl/Tibrvft" perm="664" sizeinbytes="22754"/>
        <dir loc="src/perl/Tibrv" perm="664" sizeinbytes="78637"/>
        <dir loc="src/examples" perm="664" sizeinbytes="559669"/>
        <dir loc="src/examples/perl" perm="664" sizeinbytes="15867"/>
        <dir loc="src/examples/configapi" perm="664" sizeinbytes="11273"/>
        <dir loc="src/examples/cpp" perm="664" sizeinbytes="80561"/>
        <dir loc="src/examples/c" perm="664" sizeinbytes="251401"/>
        <dir loc="src/examples/java" perm="664" sizeinbytes="183396"/>
        <dir loc="src/examples/utilities" perm="664" sizeinbytes="5027"/>
        <dir loc="src/examples/rvadapter" perm="664" sizeinbytes="8048"/>
        <dir loc="src/librvcpp" perm="664" sizeinbytes="97110"/>
    </directorylist>
</installcomponents>
