<?xml version="1.0" encoding="UTF-8" standalone="no"?>
<installcomponents>
    <assemblyProperties displayName="TIBCO Rendezvous 32bit Development"/>
    <installcomponent buildType="formal" currenttimestamp="02-06-2016-10-58-AM" prefix="product_tibco" sizeinbytes="7929768" uid="rv_32bit_development" version="8.4.5.001">
        <file loc="lib/libtibrvcm.a" md5sum="39d8ef9e69a5408afe9072b7a67bf1af" perm="444" sizeinbytes="451872" timestamp="1454781217000"/>
        <file loc="lib/libtibrvft.a" md5sum="24ab34f2786eba85fb78d0b8c5706de4" perm="444" sizeinbytes="112720" timestamp="1454781207000"/>
        <file loc="lib/libcrypto.a" md5sum="4ef40f62a95239464349716d1130c140" perm="555" sizeinbytes="3301446" timestamp="1454427936000"/>
        <file loc="lib/libtibrvcmq.a" md5sum="07aa31be3b6e865feaa04bdc5a4940bb" perm="444" sizeinbytes="256806" timestamp="1454781219000"/>
        <file loc="lib/libtibrvcpp.a" md5sum="c6060dff0ac1ff802a5946d799c47275" perm="444" sizeinbytes="417034" timestamp="1454781264000"/>
        <file loc="lib/libtibrvsd.a" md5sum="154488c8a96401f93b3c03ecf7eb5f32" perm="444" sizeinbytes="231856" timestamp="1454781249000"/>
        <file loc="lib/libz.a" md5sum="703921b15c0f1263c055da55436919de" perm="555" sizeinbytes="116198" timestamp="1451950732000"/>
        <file loc="lib/libtibrv.a" md5sum="78f583689735390fcbfec1abe18b6aa4" perm="444" sizeinbytes="2385126" timestamp="1454781124000"/>
        <file loc="lib/libssl.a" md5sum="db40940ec4433cd001c12046445e7178" perm="555" sizeinbytes="648518" timestamp="1454427921000"/>
    </installcomponent>
    <directorylist>
        <dir loc="lib" perm="664" sizeinbytes="7925672"/>
    </directorylist>
</installcomponents>
